{"cameraMode":{"drawMode":0,"name":"Shaded","section":"Shading Mode"},"sceneLighting":true,"audioPlay":false,"sceneViewState":{"m_AlwaysRefresh":false,"showFog":true,"showSkybox":true,"showFlares":true,"showImageEffects":true,"showParticleSystems":true,"showVisualEffectGraphs":true,"m_FxEnabled":true},"in2DMode":false,"pivot":{"x":3.4856905937194826,"y":0.2522730827331543,"z":3.8727426528930666},"rotation":{"x":-0.6776874661445618,"y":0.055607132613658908,"z":-0.05156925320625305,"w":-0.7313866019248962},"size":12.858148574829102,"orthographic":false}