{"cameraMode":{"drawMode":0,"name":"Shaded","section":"Shading Mode"},"sceneLighting":true,"audioPlay":false,"sceneViewState":{"m_AlwaysRefresh":false,"showFog":true,"showSkybox":true,"showFlares":true,"showImageEffects":true,"showParticleSystems":true,"showVisualEffectGraphs":true,"m_FxEnabled":true},"in2DMode":false,"pivot":{"x":150.2025604248047,"y":65.20496368408203,"z":17.243568420410158},"rotation":{"x":-0.05471301078796387,"y":0.9417040944099426,"z":0.18862929940223695,"w":0.27313512563705447},"size":83.37812042236328,"orthographic":false}