{"cameraMode":{"drawMode":0,"name":"Shaded","section":"Shading Mode"},"sceneLighting":true,"audioPlay":false,"sceneViewState":{"m_AlwaysRefresh":false,"showFog":true,"showSkybox":true,"showFlares":true,"showImageEffects":true,"showParticleSystems":true,"showVisualEffectGraphs":true,"m_FxEnabled":true},"in2DMode":false,"pivot":{"x":37.879661560058597,"y":3.184757947921753,"z":10.286416053771973},"rotation":{"x":0.06219093129038811,"y":-0.8173505663871765,"z":0.08985918015241623,"w":0.5656797885894775},"size":0.9181911945343018,"orthographic":false}