{"cameraMode":{"drawMode":0,"name":"Shaded","section":"Shading Mode"},"sceneLighting":false,"audioPlay":false,"sceneViewState":{"m_AlwaysRefresh":false,"showFog":true,"showSkybox":false,"showFlares":true,"showImageEffects":true,"showParticleSystems":true,"showVisualEffectGraphs":true,"m_FxEnabled":true},"in2DMode":false,"pivot":{"x":-1091.2677001953125,"y":38.42500686645508,"z":-811.6527709960938},"rotation":{"x":0.005927635356783867,"y":0.8931960463523865,"z":0.011783067137002945,"w":-0.4494527578353882},"size":684.5264282226563,"orthographic":false}